{
  "Cenovnik" : {
    "Usluga001" : {
      "Cena_Usluge" : "11000",
      "Naziv_Usluge" : "Zatamnjivanje Limuzina",
      "Tip_Usluge" : "Zatamnjivanje"
    },
    "Usluga002" : {
      "Cena_Usluge" : "8000",
      "Naziv_Usluge" : "Zatamnjivanje Limuzina zadnji deo",
      "Tip_Usluge" : "Zatamnjivanje"
    },
    "Usluga003" : {
      "Cena_Usluge" : "10000",
      "Naziv_Usluge" : "Zatamnjivanje Hečbek",
      "Tip_Usluge" : "Zatamnjivanje"
    },
    "Usluga004" : {
      "Cena_Usluge" : "7000",
      "Naziv_Usluge" : "Zatamnjivanje Hečbek zadnji deo",
      "Tip_Usluge" : "Zatamnjivanje"
    },
    "Usluga005" : {
      "Cena_Usluge" : "12000",
      "Naziv_Usluge" : "Zatamnjivanje Karavan",
      "Tip_Usluge" : "Zatamnjivanje"
    },
    "Usluga006" : {
      "Cena_Usluge" : "9000",
      "Naziv_Usluge" : "Zatamnjivanje Karavan zadnji deo",
      "Tip_Usluge" : "Zatamnjivanje"
    },
    "Usluga007" : {
      "Cena_Usluge" : "13000",
      "Naziv_Usluge" : "Zatamnjivanje Džip",
      "Tip_Usluge" : "Zatamnjivanje"
    },
    "Usluga008" : {
      "Cena_Usluge" : "10000",
      "Naziv_Usluge" : "Zatamnjivanje Džip zadnji deo",
      "Tip_Usluge" : "Zatamnjivanje"
    },
    "Usluga009" : {
      "Cena_Usluge" : "3500",
      "Naziv_Usluge" : "Zatamnjivanje samo prednjih stakala",
      "Tip_Usluge" : "Zatamnjivanje"
    },
    "Usluga010" : {
      "Cena_Usluge" : "6000",
      "Naziv_Usluge" : "Zatamnjivanje Šoferšajbe",
      "Tip_Usluge" : "Zatamnjivanje"
    },
    "Usluga011" : {
      "Cena_Usluge" : "2000-3000",
      "Naziv_Usluge" : "Zatamnjivanje stop svetala",
      "Tip_Usluge" : "Zatamnjivanje"
    },
    "Usluga012" : {
      "Cena_Usluge" : "20000-25000",
      "Naziv_Usluge" : "Zatamnjivanje Premium keramičkom folijom",
      "Tip_Usluge" : "Zatamnjivanje"
    },
    "Usluga013" : {
      "Cena_Usluge" : "Po dogovoru",
      "Naziv_Usluge" : "Zatamnjivanje većih vozila(kamiona, autobusa...)",
      "Tip_Usluge" : "Zatamnjivanje"
    },
    "Usluga014" : {
      "Cena_Usluge" : "od 2000din m^2",
      "Naziv_Usluge" : "Folije za stakla za objekte",
      "Tip_Usluge" : "Zatamnjivanje"
    },
    "Usluga015" : {
      "Cena_Usluge" : "6000-12000",
      "Naziv_Usluge" : "Presvlačenje krova",
      "Tip_Usluge" : "Presvlačenje"
    },
    "Usluga016" : {
      "Cena_Usluge" : "7000-9000",
      "Naziv_Usluge" : "Presvlačenje haube",
      "Tip_Usluge" : "Presvlačenje"
    },
    "Usluga017" : {
      "Cena_Usluge" : "Po Dogovoru",
      "Naziv_Usluge" : "Presvlačenje lajsni i enterijera",
      "Tip_Usluge" : "Presvlačenje"
    },
    "Usluga018" : {
      "Cena_Usluge" : "Po Dogovoru",
      "Naziv_Usluge" : "Presvlačenje drugih delova vozila",
      "Tip_Usluge" : "Presvlačenje"
    },
    "Usluga019" : {
      "Cena_Usluge" : "Po Dogovoru",
      "Naziv_Usluge" : "Ozvučenje",
      "Tip_Usluge" : "Ugradnja"
    },
    "Usluga020" : {
      "Cena_Usluge" : "Po Dogovoru",
      "Naziv_Usluge" : "Multimedija/Kamera",
      "Tip_Usluge" : "Ugradnja"
    }
  },
  "Galerija" : {
    "Rad1" : {
      "Naziv_Rada" : "Zatamnjivanje Porsche Panamera",
      "Slike_Rada" : [ "https://i.imgur.com/A091OqZ.jpg", "https://i.imgur.com/6su9HJd.png", "https://i.imgur.com/uDchFWJ.png" ],
      "Tip" : "Zatamnjivanje"
    },
    "Rad10" : {
      "Naziv_Rada" : "Zatamnjivanje Peugeot 607",
      "Slike_Rada" : "https://i.imgur.com/V9GBLo3.jpg",
      "Tip" : "Zatamnjivanje"
    },
    "Rad11" : {
      "Naziv_Rada" : "Presvlacenje Camo VW",
      "Slike_Rada" : "https://i.imgur.com/BNcBdmZ.jpg",
      "Tip" : "Presvlacenje"
    },
    "Rad12" : {
      "Naziv_Rada" : "Zatamnjivanje Mercedes",
      "Slike_Rada" : "https://i.imgur.com/gh4P8oL.jpg",
      "Tip" : "Zatamnjivanje"
    },
    "Rad13" : {
      "Naziv_Rada" : "Zatamnjivanje Mercedes GLC",
      "Slike_Rada" : "https://i.imgur.com/aSFjWhw.jpg",
      "Tip" : "Zatamnjivanje"
    },
    "Rad14" : {
      "Naziv_Rada" : "Presvlacenje Haube Opel",
      "Slike_Rada" : "https://i.imgur.com/4RKSi4d.jpg",
      "Tip" : "Presvlacenje"
    },
    "Rad15" : {
      "Naziv_Rada" : "Presvlacenje Krova Opel",
      "Slike_Rada" : "https://i.imgur.com/vrUY6JX.jpg",
      "Tip" : "Presvlacenje"
    },
    "Rad16" : {
      "Naziv_Rada" : "Zatamnjivanje BMW Serije 5",
      "Slike_Rada" : "https://i.imgur.com/jmwvEAp.jpg",
      "Tip" : "Zatamnjivanje"
    },
    "Rad17" : {
      "Naziv_Rada" : "Zatamnjivanje BMW i5",
      "Slike_Rada" : "https://i.imgur.com/50OAggl.jpg",
      "Tip" : "Zatamnjivanje"
    },
    "Rad18" : {
      "Naziv_Rada" : "Zatamnjivanje KIA",
      "Slike_Rada" : "https://i.imgur.com/MHJQhJD.jpg",
      "Tip" : "Zatamnjivanje"
    },
    "Rad19" : {
      "Naziv_Rada" : "Presvlacenje Enterijera",
      "Slike_Rada" : "https://i.imgur.com/65WZFIo.jpg",
      "Tip" : "Presvlacenje"
    },
    "Rad2" : {
      "Naziv_Rada" : "Zatamnjivanje farova Renault Talisman",
      "Slike_Rada" : [ "https://i.imgur.com/BHkIkWP.jpg" ],
      "Tip" : "Zatamnjivanje"
    },
    "Rad20" : {
      "Naziv_Rada" : "Presvlacenje Enterijera Close Up",
      "Slike_Rada" : "https://i.imgur.com/Cssq9SI.jpg",
      "Tip" : "Presvlacenje"
    },
    "Rad21" : {
      "Naziv_Rada" : "Zatamnjivanje Broda",
      "Slike_Rada" : "https://i.imgur.com/hz4ztyy.jpg",
      "Tip" : "Zatamnjivanje"
    },
    "Rad22" : {
      "Naziv_Rada" : "Presvlacenje Retrovizora",
      "Slike_Rada" : "https://i.imgur.com/9qiUw1v.jpg",
      "Tip" : "Presvlacenje"
    },
    "Rad23" : {
      "Naziv_Rada" : "Presvlacenje Celog Motora Honda CBR 125R",
      "Slike_Rada" : "https://i.imgur.com/Ur6HLEn.jpg",
      "Tip" : "Presvlacenje"
    },
    "Rad24" : {
      "Naziv_Rada" : "Presvlacenje Krova i Haube Suzukija",
      "Slike_Rada" : "https://i.imgur.com/oCUdMuI.jpg",
      "Tip" : "Presvlacenje"
    },
    "Rad25" : {
      "Naziv_Rada" : "Zatamnjivanje Kombi",
      "Slike_Rada" : "https://i.imgur.com/2odG5n1.jpg",
      "Tip" : "Zatamnjivanje"
    },
    "Rad26" : {
      "Naziv_Rada" : "Zatamnjivanje Range Rover",
      "Slike_Rada" : "https://i.imgur.com/h2CdgOt.jpg",
      "Tip" : "Zatamnjivanje"
    },
    "Rad27" : {
      "Naziv_Rada" : "Presvlacenje enterijera u Mat Sivu boju",
      "Slike_Rada" : "https://i.imgur.com/fcP3Kg0.jpg",
      "Tip" : "Presvlacenje"
    },
    "Rad28" : {
      "Naziv_Rada" : "Zatamnjivanje Touarego",
      "Slike_Rada" : "https://i.imgur.com/2e6Aul2.jpg",
      "Tip" : "Zatamnjivanje"
    },
    "Rad29" : {
      "Naziv_Rada" : "Presvlacenje Enterijera u sjajno crnu",
      "Slike_Rada" : "https://i.imgur.com/IZ6aBbM.jpg",
      "Tip" : "Presvlacenje"
    },
    "Rad3" : {
      "Naziv_Rada" : "Presvlacenje Krova",
      "Slike_Rada" : [ "https://i.imgur.com/Pcywg61.jpg", "https://i.imgur.com/LqmWR0g.jpg" ],
      "Tip" : "Presvlacenje"
    },
    "Rad30" : {
      "Naziv_Rada" : "Presvlacenje Krova u crnu",
      "Slike_Rada" : "https://i.imgur.com/Czgem0I.jpg",
      "Tip" : "Presvlacenje"
    },
    "Rad31" : {
      "Naziv_Rada" : "Zatamnjivanje Honda CRV",
      "Slike_Rada" : "https://i.imgur.com/IFR3V5j.jpg",
      "Tip" : "Zatamnjivanje"
    },
    "Rad32" : {
      "Naziv_Rada" : "Zatamnjivanje Audi Karavan",
      "Slike_Rada" : "https://i.imgur.com/Llh5nQq.jpg",
      "Tip" : "Zatamnjivanje"
    },
    "Rad33" : {
      "Naziv_Rada" : "Zatamnjivanje BMW 525",
      "Slike_Rada" : "https://i.imgur.com/tcehBOo.jpg",
      "Tip" : "Zatamnjivanje"
    },
    "Rad34" : {
      "Naziv_Rada" : "Presvlacenje Prednjih Farova",
      "Slike_Rada" : "https://i.imgur.com/paslRKN.jpg",
      "Tip" : "Presvlacenje"
    },
    "Rad35" : {
      "Naziv_Rada" : "Zatamnjivanje Beli Audi",
      "Slike_Rada" : "https://i.imgur.com/q6LXAoU.jpg",
      "Tip" : "Zatamnjivanje"
    },
    "Rad36" : {
      "Naziv_Rada" : "Presvlacenje enterijera u Karbon",
      "Slike_Rada" : "https://i.imgur.com/fMPRMvu.jpg",
      "Tip" : "Presvlacenje"
    },
    "Rad37" : {
      "Naziv_Rada" : "Zatamnjivanje Velikog Kombija",
      "Slike_Rada" : "https://i.imgur.com/BnwnQho.jpg",
      "Tip" : "Zatamnjivanje"
    },
    "Rad38" : {
      "Naziv_Rada" : "Zatamnjivanje Beli BMW",
      "Slike_Rada" : "https://i.imgur.com/jLmT8Cs.jpg",
      "Tip" : "Zatamnjivanje"
    },
    "Rad39" : {
      "Naziv_Rada" : "Zatamnjivanje Volvo XC60",
      "Slike_Rada" : "https://i.imgur.com/76fhKOq.jpg",
      "Tip" : "Zatamnjivanje"
    },
    "Rad4" : {
      "Naziv_Rada" : "Ugradnja Multimedije",
      "Slike_Rada" : [ "https://i.imgur.com/qAikS5K.jpg" ],
      "Tip" : "Ugradnja"
    },
    "Rad40" : {
      "Naziv_Rada" : "Zatamnjivanje Kombija",
      "Slike_Rada" : "https://i.imgur.com/xLCK0wu.jpg",
      "Tip" : "Zatamnjivanje"
    },
    "Rad41" : {
      "Naziv_Rada" : "Zatamnjivanje Beli Audi Karavan",
      "Slike_Rada" : "https://i.imgur.com/ph5uquP.jpg",
      "Tip" : "Zatamnjivanje"
    },
    "Rad42" : {
      "Naziv_Rada" : "Zatamnjivanje Limuzine",
      "Slike_Rada" : "https://i.imgur.com/oUCmbaq.jpg",
      "Tip" : "Zatamnjivanje"
    },
    "Rad43" : {
      "Naziv_Rada" : "Presvlacenje Delova Motora u Crno",
      "Slike_Rada" : "https://i.imgur.com/KolO8TG.jpg",
      "Tip" : "Presvlacenje"
    },
    "Rad44" : {
      "Naziv_Rada" : "Presvlacenje Belog Enterijera",
      "Slike_Rada" : "https://i.imgur.com/MLA6uji.jpg",
      "Tip" : "Presvlacenje"
    },
    "Rad5" : {
      "Naziv_Rada" : "Zatamnjivanje Audi A3",
      "Slike_Rada" : "https://i.imgur.com/dX99vNT.jpg",
      "Tip" : "Zatamnjivanje"
    },
    "Rad6" : {
      "Naziv_Rada" : "Zatamnjivanje VW Passat",
      "Slike_Rada" : "https://i.imgur.com/yvCVL4V.png",
      "Tip" : "Zatamnjivanje"
    },
    "Rad7" : {
      "Naziv_Rada" : "Zatamnjivanje Audi A5",
      "Slike_Rada" : "https://i.imgur.com/mmk8woM.jpg",
      "Tip" : "Zatamnjivanje"
    },
    "Rad8" : {
      "Naziv_Rada" : "Zatamnjivanje Tesla Model S",
      "Slike_Rada" : "https://i.imgur.com/X37UHsI.png",
      "Tip" : "Zatamnjivanje"
    },
    "Rad9" : {
      "Naziv_Rada" : "Zatamnjivanje Mercedes ML 350",
      "Slike_Rada" : "https://i.imgur.com/sO5SN2X.jpg",
      "Tip" : "Zatamnjivanje"
    }
  },
  "Informacije" : {
    "Adresa" : "Cerska 34, Lacarak",
    "Email" : "draganvuga@yahoo.com",
    "Radno_Vreme" : {
      "Radnim_Danima" : "16:00-22:00",
      "Vikendom" : "10:00-20:00"
    },
    "Telefon" : "0691331763"
  },
  "Korisnici" : {
    "Korisnik1" : {
      "Email" : "draganvuga@yahoo.com",
      "Password" : "Dragan123",
      "Username" : "draganvuga"
    },
    "Korisnik2" : {
      "Email" : "nebojsavuga01@gmail.com",
      "Password" : "Nebojsa123",
      "Username" : "nebojsavuga"
    }
  },
  "opis1" : "Glavni opis o nama.  Lorem ipsum dolor sit amet, consectetur adipiscing elit. Sed in nunc tincidunt erat maximus pulvinar ut a libero. Fusce volutpat odio leo. Nullam nec felis viverra, convallis felis at, rutrum mi. Maecenas id libero dolor. Donec aliquam tincidunt ex porttitor efficitur. Sed finibus dapibus augue mattis consectetur. Suspendisse efficitur, ligula vitae consequat rhoncus, nibh nunc lobortis massa, a pellentesque sapien odio ac mauris. Etiam tempor ultrices nulla luctus rutrum. Vivamus molestie nulla non ultrices dictum. Ut eu dignissim ex. Duis a nulla pharetra, venenatis odio convallis, feugiat nisi. Etiam ac ornare odio, sed commodo ex. ",
  "opis2" : "Opis tekst zatamnjivanje.  Lorem ipsum dolor sit amet, consectetur adipiscing elit. Sed in nunc tincidunt erat maximus pulvinar ut a libero. Fusce volutpat odio leo. Nullam nec felis viverra, convallis felis at, rutrum mi. Maecenas id libero dolor. Donec aliquam tincidunt ex porttitor efficitur. Sed finibus dapibus augue mattis consectetur. Suspendisse efficitur, ligula vitae consequat rhoncus, nibh nunc lobortis massa, a pellentesque sapien odio ac mauris. Etiam tempor ultrices nulla luctus rutrum. Vivamus molestie nulla non ultrices dictum. Ut eu dignissim ex. Duis a nulla pharetra, venenatis odio convallis, feugiat nisi. Etiam ac ornare odio, sed commodo ex. ",
  "opis3" : "Opis tekst presvlacenje.  Lorem ipsum dolor sit amet, consectetur adipiscing elit. Sed in nunc tincidunt erat maximus pulvinar ut a libero. Fusce volutpat odio leo. Nullam nec felis viverra, convallis felis at, rutrum mi. Maecenas id libero dolor. Donec aliquam tincidunt ex porttitor efficitur. Sed finibus dapibus augue mattis consectetur. Suspendisse efficitur, ligula vitae consequat rhoncus, nibh nunc lobortis massa, a pellentesque sapien odio ac mauris. Etiam tempor ultrices nulla luctus rutrum. Vivamus molestie nulla non ultrices dictum. Ut eu dignissim ex. Duis a nulla pharetra, venenatis odio convallis, feugiat nisi. Etiam ac ornare odio, sed commodo ex. ",
  "opis4" : "Opis tekst ugradnja.  Lorem ipsum dolor sit amet, consectetur adipiscing elit. Sed in nunc tincidunt erat maximus pulvinar ut a libero. Fusce volutpat odio leo. Nullam nec felis viverra, convallis felis at, rutrum mi. Maecenas id libero dolor. Donec aliquam tincidunt ex porttitor efficitur. Sed finibus dapibus augue mattis consectetur. Suspendisse efficitur, ligula vitae consequat rhoncus, nibh nunc lobortis massa, a pellentesque sapien odio ac mauris. Etiam tempor ultrices nulla luctus rutrum. Vivamus molestie nulla non ultrices dictum. Ut eu dignissim ex. Duis a nulla pharetra, venenatis odio convallis, feugiat nisi. Etiam ac ornare odio, sed commodo ex. "
}
